{
  "user_embeddings": {
    "demo_user_1": [
      0.004463994061100396,
      0.1954590433723275,
      -0.07745496429032939,
      0.013054152213335805,
      0.06782577130307234,
      -0.08268787216322637,
      -0.05716105120915053,
      -0.05426459441039072,
      -0.19232453384847187,
      -0.008754001376516907,
      0.05447346677679327,
      0.05434532903034113,
      0.10100316104473293,
      0.13584892464640497,
      0.10571928722924565,
      0.007840900056907038,
      0.0244442344940825,
      -0.15338916880600517,
      -0.10546293435471393,
      -0.13989591462364986,
      0.05947929374493265,
      -0.27808133670874374,
      -0.027019057092355844,
      0.10903425175552016,
      -0.09259200662181409,
      0.2039789624570132,
      0.051626416940607246,
      0.10240056821073147,
      0.05001717578983389,
      -0.10117858407592638,
      -0.11978404322065087,
      0.13564954216851935
    ],
    "demo_user_2": [
      -0.09731935398539471,
      -0.05229671456783791,
      -0.010740495844235046,
      -0.005631925329315778,
      0.022851868939963722,
      -0.12023756670810876,
      -0.06238584532078664,
      -0.20781437830696176,
      0.1414665461314027,
      -0.010179873429497874,
      0.0732466082680539,
      -0.1553284209829287,
      -0.034700243833457094,
      0.08238410248744019,
      -0.14677470615542595,
      -0.12188927238990399,
      -0.03287714724238741,
      -0.09261465054529215,
      -0.11620392896840037,
      -0.1361662601285719,
      0.04206388134150461,
      -0.18428012730304505,
      -0.006371789573830295,
      0.04116439124246664,
      0.015270524020056695,
      0.020101312187751172,
      -0.19094111800622884,
      -0.05683531773236015,
      -0.10947167910620761,
      -0.16450761283450527,
      0.035361932442729595,
      0.25861976203473347
    ],
    "demo_user_3": [
      -0.020791611820212427,
      -0.14238414280426157,
      0.04246459712093718,
      -0.08750223101721595,
      -0.10711975662657965,
      0.00806969308646095,
      0.12379073998476707,
      0.07117655138794532,
      -0.024196042266122778,
      0.053475712671950476,
      -0.07743706840647774,
      -0.043150904221598674,
      -0.10850355631758085,
      -0.01004169414559196,
      -0.0182576381342019,
      0.030871516571833037,
      -0.05572569818494795,
      -0.1927953407551414,
      0.03368056594450316,
      -0.08968940757828746,
      0.006814712017232886,
      0.049927697866266066,
      0.07727574751609678,
      -0.0337172716301757,
      -0.185902663673828,
      -0.05107065891734213,
      -0.16682110325015126,
      0.04254429154140876,
      0.05943565968277281,
      -0.0811719000648009,
      -0.010680399185434881,
      -0.07240494208823614
    ],
    "demo_user_4": [
      0.07017762370694353,
      0.019165431401873215,
      0.043851770275917516,
      -0.12567141779239893,
      -0.019981404688592358,
      -0.03252925474252405,
      -0.2184847127826744,
      0.005628173172874689,
      -0.10507077454766656,
      0.11771501772759674,
      -0.217019615038803,
      -0.06227628305115815,
      -0.032574763617602455,
      -0.022694969046031865,
      0.055019232076331075,
      0.021067871063313558,
      0.02291177911061974,
      -0.00032699697679075996,
      0.017197630089967293,
      0.04310472185224213,
      -0.023572210873171167,
      -0.04177430445078073,
      0.031128340101646564,
      0.03607175519163051,
      -0.17086644009007498,
      0.044130043517245955,
      0.12714240764544613,
      -0.13675430061606048,
      0.003015388696856668,
      -0.16527393266896895,
      0.14616792767919673,
      0.11298017235712775
    ],
    "demo_user_5": [
      0.027630356517828615,
      0.06158772495227523,
      0.07438560115741724,
      0.045002182152363346,
      0.026041999463986606,
      0.17713322559099387,
      0.06047741732587208,
      -0.15429859118600187,
      0.026285899766760802,
      0.0998819642862992,
      0.023295125902377496,
      0.06675545069430414,
      0.06388306996349728,
      0.09079633568943074,
      0.028896448557551614,
      0.08753798767099523,
      -0.03898578604862036,
      -0.052466702818030835,
      -0.09866896969150497,
      -0.0307020113995916,
      -0.06278644513392866,
      -0.13056560829901448,
      -0.08658748452068447,
      -0.0004696258383429749,
      0.1746497141021895,
      -0.06472900440999385,
      0.10695445853645652,
      0.06805192409270698,
      -0.04973364993842005,
      0.021662363864437862,
      0.04483953579625586,
      0.07997353328812996
    ],
    "math_beginner": [
      -0.03082693815348412,
      0.01855341370956459,
      -0.10161636307168698,
      0.10940596795079989,
      0.009336302202315178,
      0.08566937812006463,
      0.0991747021095397,
      -0.023548994941370967,
      -0.2578804920504522,
      -0.08063427638151896,
      -0.10206895655971318,
      -0.051235183510210516,
      -0.09841147258173727,
      0.13437155304524584,
      0.06432338061270515,
      0.04545520479547574,
      -0.01929992298193058,
      0.036054713391778064,
      -0.006493164090459253,
      0.07086794360260354,
      -0.03487971069570247,
      0.014526043315400887,
      0.1376223345726823,
      -0.10835880441512072,
      0.07410305123657411,
      -0.0840930293668515,
      0.05333564894890829,
      0.1938182850887794,
      0.05874189188343254,
      0.11832383803937348,
      -0.05027990781302005,
      -0.0941990685413499
    ],
    "math_expert": [
      0.1042387575470388,
      0.06550099176814742,
      -0.0488749578658798,
      -0.09417799087749613,
      -0.06268485140126405,
      -0.05429313831092453,
      0.07410135365258266,
      -0.22174116926933027,
      -0.14282778578543037,
      -0.08075421608030364,
      -0.11495548950468022,
      -0.019634471233802003,
      0.05365040680719157,
      0.1312638807724106,
      -0.26804878879197774,
      -0.054946283602616934,
      -0.01063935501884626,
      -0.21059654789080262,
      -0.19844825939793953,
      0.01584562431912292,
      -0.13485053426824098,
      -0.1691051250583207,
      -0.013539587082883293,
      -0.06768805236944646,
      0.06662655067022037,
      -0.05914105729123939,
      -0.13828622959219292,
      -0.023703630411835704,
      -0.058398757835670535,
      0.21299883354951468,
      -0.01412564352615477,
      -0.0073424725429819945
    ],
    "geometry_lover": [
      -0.03575585714505424,
      -0.04177537111887638,
      -0.08438314174072475,
      -0.12274041142870805,
      0.05036352172802579,
      0.22726122879809477,
      -0.08709230603415878,
      -0.08234895793345498,
      0.03193077903689477,
      0.07387204672525714,
      0.1137156399699695,
      0.164078019089679,
      0.046549215264801554,
      0.009072775696210284,
      0.031259335876115305,
      0.023879755428788688,
      -0.06850768765905156,
      -0.001609538846038115,
      -0.02155063415568718,
      0.004851385448671978,
      -0.05369338733806085,
      -0.00545209090187993,
      0.023693460090679016,
      0.12799780496288435,
      0.0799262285144064,
      0.025792443596626604,
      0.1554006866949114,
      -0.2246447393513319,
      -0.06999605036947545,
      -0.2026477754375789,
      -0.010139197135581764,
      -0.01932389663557315
    ]
  },
  "symbol_embeddings": {
    "+": [
      0.8718520285241219,
      0.0,
      0.0,
      0.05105626124206017,
      0.0909101487507651
    ],
    "-": [
      0.9554855677862568,
      0.0,
      0.0,
      0.0,
      0.0
    ],
    "*": [
      1.0,
      0.0,
      0.043897620405937865,
      0.11911624412720204,
      0.005115666703372124
    ],
    "/": [
      0.9911618091412796,
      0.011251033383812174,
      0.13395926368614633,
      0.0,
      0.0
    ],
    "=": [
      1.0,
      0.0,
      0.0,
      0.0,
      0.07779198963655892
    ],